frame,ms,meshed,detailed,popped,edit
0,0.017,0,42,0,0
1,0.085,0,42,0,0
2,0.111,0,42,0,0
3,0.140,0,42,0,0
4,0.139,0,42,0,0
5,0.550,0,42,0,0
6,0.145,0,42,0,0
7,0.157,0,42,0,0
8,0.709,0,42,0,0
9,0.166,0,42,0,0
10,0.182,0,42,0,0
11,0.155,0,42,0,0
12,0.201,0,42,0,0
13,0.179,0,42,0,0
14,0.170,0,42,0,0
15,0.209,0,42,0,0
16,0.175,0,42,0,0
17,0.165,0,42,0,0
18,0.199,0,42,0,0
19,0.155,0,42,0,0
20,0.160,0,42,0,0
21,0.161,0,42,0,0
22,0.192,0,42,0,0
23,0.160,0,42,0,0
24,0.157,0,42,0,0
25,0.153,0,42,0,0
26,0.151,0,42,0,0
27,0.142,0,42,0,0
28,0.141,0,42,0,0
29,0.216,0,42,0,0
30,2.631,0,42,0,1
31,0.718,0,42,0,0
32,0.129,0,42,0,0
33,0.139,0,42,0,0
34,0.455,0,42,0,1
35,0.596,0,42,0,0
36,0.158,0,42,0,0
37,0.217,0,42,0,0
38,0.558,0,42,0,1
39,0.549,0,42,0,0
40,0.624,0,42,0,0
41,0.176,0,42,0,0
42,1.332,0,42,0,1
43,0.481,0,42,0,0
44,0.370,0,42,0,0
45,0.175,0,42,0,0
46,0.513,0,42,0,1
47,0.549,0,42,0,0
48,0.143,0,42,0,0
49,0.146,0,42,0,0
50,1.841,0,42,0,1
51,1.754,0,42,0,0
52,0.441,0,42,0,0
53,0.335,0,42,0,0
54,1.655,0,42,0,1
55,0.505,0,42,0,0
56,0.136,0,42,0,0
57,0.205,0,42,0,0
58,0.512,0,42,0,1
59,0.613,0,42,0,0
60,0.180,0,42,0,0
61,0.196,0,42,0,0
62,0.427,0,42,0,1
63,0.541,0,42,0,0
64,0.191,0,42,0,0
65,0.205,0,42,0,0
66,2.804,0,42,0,1
67,4.133,0,42,0,0
68,0.167,0,42,0,0
69,1.489,0,42,0,0
70,1.066,0,42,0,1
71,0.541,0,42,0,0
72,0.173,0,42,0,0
73,0.161,0,42,0,0
74,0.973,0,42,0,1
75,0.792,0,42,0,0
76,0.578,0,42,0,0
77,0.778,0,42,0,0
78,0.489,0,42,0,1
79,0.519,0,42,0,0
80,0.163,0,42,0,0
81,0.159,0,42,0,0
82,0.452,0,42,0,1
83,0.398,0,42,0,0
84,0.168,0,42,0,0
85,0.149,0,42,0,0
86,0.571,0,42,0,1
87,0.450,0,42,0,0
88,0.149,0,42,0,0
89,0.161,0,42,0,0
90,0.420,0,42,0,1
91,0.430,0,42,0,0
92,0.155,0,42,0,0
93,0.207,0,42,0,0
94,0.584,0,42,0,1
95,0.506,0,42,0,0
96,0.183,0,42,0,0
97,0.193,0,42,0,0
98,0.528,0,42,0,1
99,0.439,0,42,0,0
100,0.193,0,42,0,0
101,0.190,0,42,0,0
102,0.541,0,42,0,1
103,0.450,0,42,0,0
104,0.210,0,42,0,0
105,0.222,0,42,0,0
106,0.632,0,42,0,1
107,1.191,0,42,0,0
108,0.188,0,42,0,0
109,0.224,0,42,0,0
110,0.636,0,42,0,1
111,0.442,0,42,0,0
112,0.216,0,42,0,0
113,0.186,0,42,0,0
114,0.568,0,42,0,1
115,0.527,0,42,0,0
116,0.196,0,42,0,0
117,0.216,0,42,0,0
118,0.665,0,42,0,1
119,0.570,0,42,0,0
120,0.402,0,42,0,0
121,0.186,0,42,0,0
122,0.519,0,42,0,1
123,0.586,0,42,0,0
124,0.276,0,42,0,0
125,0.235,0,42,0,0
126,4.032,0,42,0,1
127,0.436,0,42,0,0
128,0.192,0,42,0,0
129,0.189,0,42,0,0
130,0.584,0,42,0,1
131,0.568,0,42,0,0
132,0.259,0,42,0,0
133,0.223,0,42,0,0
134,0.499,0,42,0,1
135,0.429,0,42,0,0
136,0.191,0,42,0,0
137,0.227,0,42,0,0
138,0.516,0,42,0,1
139,0.490,0,42,0,0
140,0.214,0,42,0,0
141,0.266,0,42,0,0
142,0.511,0,42,0,1
143,0.667,0,42,0,0
144,0.213,0,42,0,0
145,0.203,0,42,0,0
146,0.543,0,42,0,1
147,0.490,0,42,0,0
148,0.216,0,42,0,0
149,0.218,0,42,0,0
150,1.761,0,42,0,1
151,0.546,0,42,0,0
152,0.279,0,42,0,0
153,0.194,0,42,0,0
154,0.521,0,42,0,1
155,0.493,0,42,0,0
156,0.224,0,42,0,0
157,0.186,0,42,0,0
158,2.148,0,42,0,1
159,0.822,0,42,0,0
160,0.215,0,42,0,0
161,0.183,0,42,0,0
162,0.524,0,42,0,1
163,0.467,0,42,0,0
164,0.260,0,42,0,0
165,0.286,0,42,0,0
166,4.684,0,42,0,1
167,0.446,0,42,0,0
168,0.215,0,42,0,0
169,0.188,0,42,0,0
170,0.519,0,42,0,1
171,0.571,0,42,0,0
172,0.243,0,42,0,0
173,0.289,0,42,0,0
174,1.272,0,42,0,1
175,0.528,0,42,0,0
176,0.255,0,42,0,0
177,0.211,0,42,0,0
178,0.570,0,42,0,1
179,0.457,0,42,0,0
180,0.216,0,42,0,0
181,0.220,0,42,0,0
182,4.453,0,42,0,1
183,0.454,0,42,0,0
184,0.207,0,42,0,0
185,0.194,0,42,0,0
186,4.566,0,42,0,1
187,0.430,0,42,0,0
188,0.250,0,42,0,0
189,0.220,0,42,0,0
190,4.721,0,42,0,1
191,1.271,0,42,0,0
192,0.239,0,42,0,0
193,0.236,0,42,0,0
194,0.565,0,42,0,1
195,0.425,0,42,0,0
196,0.192,0,42,0,0
197,0.201,0,42,0,0
198,3.686,0,42,0,1
199,0.545,0,42,0,0
200,0.250,0,42,0,0
201,0.222,0,42,0,0
202,5.783,0,42,0,1
203,0.693,0,42,0,0
204,0.488,0,42,0,0
205,3.038,0,42,0,0
206,5.856,0,42,0,1
207,0.644,0,42,0,0
208,5.426,0,42,0,0
209,0.279,0,42,0,0
210,0.608,0,42,0,1
211,1.041,0,42,0,0
212,0.296,0,42,0,0
213,0.219,0,42,0,0
214,0.529,0,42,0,1
215,0.497,0,42,0,0
216,0.230,0,42,0,0
217,0.208,0,42,0,0
218,5.352,0,42,0,1
219,0.560,0,42,0,0
220,0.262,0,42,0,0
221,0.265,0,42,0,0
222,0.783,0,42,0,1
223,0.593,0,42,0,0
224,0.249,0,42,0,0
225,0.626,0,42,0,0
226,6.786,0,42,0,1
227,0.490,0,42,0,0
228,0.329,0,42,0,0
229,0.270,0,42,0,0
230,0.249,0,42,0,0
231,0.243,0,42,0,0
232,0.278,0,42,0,0
233,0.263,0,42,0,0
234,0.207,0,42,0,0
235,1.160,0,42,0,0
236,0.243,0,42,0,0
237,0.254,0,42,0,0
238,0.178,0,42,0,0
239,0.208,0,42,0,0
240,0.185,0,42,0,0
241,0.175,0,42,0,0
242,0.228,0,42,0,0
243,0.178,0,42,0,0
244,0.821,0,42,0,0
245,0.246,0,42,0,0
246,0.201,0,42,0,0
247,0.222,0,42,0,0
248,0.190,0,42,0,0
249,0.182,0,42,0,0
250,0.243,0,42,0,0
251,0.208,0,42,0,0
252,0.176,0,42,0,0
253,0.215,0,42,0,0
254,0.167,0,42,0,0
255,0.174,0,42,0,0
256,0.203,0,42,0,0
257,0.170,0,42,0,0
258,0.177,0,42,0,0
259,0.206,0,42,0,0
260,0.539,0,42,0,1
261,0.556,0,42,0,0
262,0.192,0,42,0,0
263,0.239,0,42,0,0
264,3.748,0,42,0,1
265,6.389,0,42,0,0
266,0.185,0,42,0,0
267,0.190,0,42,0,0
268,5.355,0,42,0,1
269,0.868,0,42,0,0
270,0.187,0,42,0,0
271,0.184,0,42,0,0
272,0.453,0,42,0,1
273,3.962,0,42,0,0
274,0.168,0,42,0,0
275,0.184,0,42,0,0
276,0.436,0,42,0,1
277,0.412,0,42,0,0
278,0.168,0,42,0,0
279,0.170,0,42,0,0
280,0.648,0,42,0,1
281,0.404,0,42,0,0
282,0.188,0,42,0,0
283,0.172,0,42,0,0
284,1.937,0,42,0,1
285,0.387,0,42,0,0
286,0.168,0,42,0,0
287,0.179,0,42,0,0
288,0.425,0,42,0,1
289,0.426,0,42,0,0
290,0.166,0,42,0,0
291,0.172,0,42,0,0
292,0.785,0,42,0,1
293,0.414,0,42,0,0
294,0.197,0,42,0,0
295,0.171,0,42,0,0
296,0.466,0,42,0,1
297,0.376,0,42,0,0
298,0.159,0,42,0,0
299,0.172,0,42,0,0
300,0.406,0,42,0,1
301,0.389,0,42,0,0
302,0.159,0,42,0,0
303,0.172,0,42,0,0
304,0.436,0,42,0,1
305,0.425,0,42,0,0
306,0.191,0,42,0,0
307,0.163,0,42,0,0
308,0.509,0,42,0,1
309,0.380,0,42,0,0
310,0.195,0,42,0,0
311,0.179,0,42,0,0
312,0.435,0,42,0,1
313,0.398,0,42,0,0
314,0.188,0,42,0,0
315,0.200,0,42,0,0
316,0.494,0,42,0,1
317,0.498,0,42,0,0
318,0.165,0,42,0,0
319,0.165,0,42,0,0
320,0.531,0,42,0,1
321,0.394,0,42,0,0
322,0.184,0,42,0,0
323,0.178,0,42,0,0
324,0.450,0,42,0,1
325,0.425,0,42,0,0
326,0.187,0,42,0,0
327,0.164,0,42,0,0
328,0.512,0,42,0,1
329,0.407,0,42,0,0
330,0.203,0,42,0,0
331,0.194,0,42,0,0
332,0.597,0,42,0,1
333,0.621,0,42,0,0
334,0.591,0,42,0,0
335,0.171,0,42,0,0
336,0.466,0,42,0,1
337,0.472,0,42,0,0
338,0.177,0,42,0,0
339,0.219,0,42,0,0
340,0.513,0,42,0,1
341,0.408,0,42,0,0
342,0.204,0,42,0,0
343,0.187,0,42,0,0
344,0.416,0,42,0,1
345,0.485,0,42,0,0
346,0.206,0,42,0,0
347,0.165,0,42,0,0
348,0.436,0,42,0,1
349,0.446,0,42,0,0
350,0.187,0,42,0,0
351,0.166,0,42,0,0
352,0.548,0,42,0,1
353,0.959,0,42,0,0
354,0.215,0,42,0,0
355,0.171,0,42,0,0
356,0.448,0,42,0,1
357,1.002,0,42,0,0
358,0.206,0,42,0,0
359,0.170,0,42,0,0
360,0.439,0,42,0,1
361,0.396,0,42,0,0
362,0.187,0,42,0,0
363,0.178,0,42,0,0
364,0.471,0,42,0,1
365,0.476,0,42,0,0
366,0.235,0,42,0,0
367,0.189,0,42,0,0
368,0.519,0,42,0,1
369,0.511,0,42,0,0
370,0.300,0,42,0,0
371,0.235,0,42,0,0
372,1.193,0,42,0,1
373,0.381,0,42,0,0
374,0.180,0,42,0,0
375,0.213,0,42,0,0
376,0.461,0,42,0,1
377,0.416,0,42,0,0
378,0.167,0,42,0,0
379,0.171,0,42,0,0
380,0.380,0,42,0,1
381,0.381,0,42,0,0
382,0.163,0,42,0,0
383,0.154,0,42,0,0
384,0.431,0,42,0,1
385,0.401,0,42,0,0
386,0.162,0,42,0,0
387,0.176,0,42,0,0
388,0.383,0,42,0,1
389,0.411,0,42,0,0
390,0.210,0,42,0,0
391,0.172,0,42,0,0
392,0.430,0,42,0,1
393,0.442,0,42,0,0
394,0.159,0,42,0,0
395,0.162,0,42,0,0
396,0.406,0,42,0,1
397,0.404,0,42,0,0
398,0.223,0,42,0,0
399,0.176,0,42,0,0
400,0.406,0,42,0,1
401,0.416,0,42,0,0
402,0.164,0,42,0,0
403,0.183,0,42,0,0
404,0.796,0,42,0,1
405,0.371,0,42,0,0
406,0.172,0,42,0,0
407,0.159,0,42,0,0
408,0.387,0,42,0,1
409,0.360,0,42,0,0
410,0.170,0,42,0,0
411,0.158,0,42,0,0
412,0.397,0,42,0,1
413,1.087,0,42,0,0
414,0.485,0,42,0,0
415,0.145,0,42,0,0
416,0.395,0,42,0,1
417,0.536,0,42,0,0
418,0.150,0,42,0,0
419,0.159,0,42,0,0
420,0.390,0,42,0,1
421,0.501,0,42,0,0
422,0.167,0,42,0,0
423,0.169,0,42,0,0
424,0.400,0,42,0,1
425,0.573,0,42,0,0
426,0.168,0,42,0,0
427,0.165,0,42,0,0
428,0.387,0,42,0,1
429,0.532,0,42,0,0
430,0.168,0,42,0,0
431,0.168,0,42,0,0
432,0.393,0,42,0,1
433,0.599,0,42,0,0
434,0.170,0,42,0,0
435,0.232,0,42,0,0
436,0.417,0,42,0,1
437,0.545,0,42,0,0
438,0.167,0,42,0,0
439,0.164,0,42,0,0
440,0.381,0,42,0,1
441,0.597,0,42,0,0
442,0.163,0,42,0,0
443,0.156,0,42,0,0
444,0.419,0,42,0,1
445,0.555,0,42,0,0
446,0.180,0,42,0,0
447,0.213,0,42,0,0
448,0.411,0,42,0,1
449,0.589,0,42,0,0
450,0.176,0,42,0,0
451,0.174,0,42,0,0
452,0.433,0,42,0,1
453,0.525,0,42,0,0
454,0.160,0,42,0,0
455,0.160,0,42,0,0
456,0.408,0,42,0,1
457,0.725,0,42,0,0
458,0.184,0,42,0,0
459,0.161,0,42,0,0
460,0.159,0,42,0,0
461,0.153,0,42,0,0
462,0.182,0,42,0,0
463,0.146,0,42,0,0
464,0.167,0,42,0,0
465,0.146,0,42,0,0
466,0.169,0,42,0,0
467,0.148,0,42,0,0
468,0.132,0,42,0,0
469,0.128,0,42,0,0
470,0.165,0,42,0,0
471,0.139,0,42,0,0
472,0.143,0,42,0,0
473,0.142,0,42,0,0
474,0.150,0,42,0,0
475,0.178,0,42,0,0
476,0.162,0,42,0,0
477,0.185,0,42,0,0
478,0.153,0,42,0,0
479,0.127,0,42,0,0
480,0.135,0,42,0,0
481,0.131,0,42,0,0
482,0.144,0,42,0,0
483,0.125,0,42,0,0
484,0.150,0,42,0,0
485,0.124,0,42,0,0
486,0.146,0,42,0,0
487,0.124,0,42,0,0
488,0.150,0,42,0,0
489,0.131,0,42,0,0